{"PRINT":1,"Deployments":1,"Compile Stage":6,"test maven installation":1,"Initialize":3,"Check_Version":1,"deploy":2,"Checkout":1,"Docker":1,"Starting ART job":1,"compile":2,"Test":31,"Build":47,"Example":1,"Maven_Build":1,"Deployment Stage":5,"ACCEPTANCE STAGE - TEST":1,"test":3,"SonarQ_Analisys":1,"Test on Windows":1,"Test on Linux":1,"READ":1,"PRODUCTION STAGE":1,"Run JMeter Test":1,"Example Test":1,"test java installation":1,"Testing Stage":6,"UAT STAGE":1,"Example Build":1,"Build to DRN":1,"Deploy":29,"Compile":2,"WRITE":1,"List all files in directory":1,"Nexus_Repository":1,"testing the app":1,"Build to TDN Int":1,"COMMIT STAGE":2,"GrudleBuild":1,"compile \tstage":1,"SCA":1,"Stage 1":1,"Packaging Stage":1,"build":41,"Preparation":1,"upload to artifactory":1,"clone":1,"report":1,"myStage":1}